record_index,tile_art_index,hex_facing_0to7,fog_palette_index
0,0,0,123
0,0,1,123
0,0,2,123
0,0,3,123
0,0,4,123
0,0,5,123
0,0,6,123
0,0,7,123
0,1,0,113
0,1,1,113
0,1,2,113
0,1,3,113
0,1,4,113
0,1,5,113
0,1,6,113
0,1,7,113
0,2,0,125
0,2,1,125
0,2,2,125
0,2,3,125
0,2,4,125
0,2,5,125
0,2,6,125
0,2,7,125
0,3,0,129
0,3,1,129
0,3,2,129
0,3,3,129
0,3,4,129
0,3,5,129
0,3,6,129
0,3,7,129
0,4,0,129
0,4,1,129
0,4,2,129
0,4,3,129
0,4,4,129
0,4,5,129
0,4,6,129
0,4,7,129
0,5,0,129
0,5,1,129
0,5,2,129
0,5,3,129
0,5,4,129
0,5,5,129
0,5,6,129
0,5,7,129
0,6,0,28
0,6,1,28
0,6,2,28
0,6,3,28
0,6,4,28
0,6,5,28
0,6,6,28
0,6,7,28
0,7,0,27
0,7,1,27
0,7,2,27
0,7,3,27
0,7,4,27
0,7,5,27
0,7,6,27
0,7,7,27
0,8,0,123
0,8,1,123
0,8,2,123
0,8,3,123
0,8,4,123
0,8,5,123
0,8,6,123
0,8,7,123
0,9,0,123
0,9,1,123
0,9,2,123
0,9,3,123
0,9,4,123
0,9,5,123
0,9,6,123
0,9,7,123
0,10,0,27
0,10,1,27
0,10,2,27
0,10,3,27
0,10,4,27
0,10,5,27
0,10,6,27
0,10,7,27
0,11,0,26
0,11,1,26
0,11,2,26
0,11,3,26
0,11,4,26
0,11,5,26
0,11,6,26
0,11,7,26
0,12,0,29
0,12,1,29
0,12,2,29
0,12,3,29
0,12,4,29
0,12,5,29
0,12,6,29
0,12,7,29
0,13,0,29
0,13,1,29
0,13,2,29
0,13,3,29
0,13,4,29
0,13,5,29
0,13,6,29
0,13,7,29
0,14,0,29
0,14,1,29
0,14,2,29
0,14,3,29
0,14,4,29
0,14,5,29
0,14,6,29
0,14,7,29
1,0,0,19
1,0,1,19
1,0,2,19
1,0,3,19
1,0,4,19
1,0,5,19
1,0,6,19
1,0,7,19
1,1,0,93
1,1,1,93
1,1,2,93
1,1,3,93
1,1,4,93
1,1,5,93
1,1,6,93
1,1,7,93
1,2,0,125
1,2,1,125
1,2,2,125
1,2,3,125
1,2,4,125
1,2,5,125
1,2,6,125
1,2,7,125
1,3,0,179
1,3,1,179
1,3,2,179
1,3,3,179
1,3,4,179
1,3,5,179
1,3,6,179
1,3,7,179
1,4,0,28
1,4,1,28
1,4,2,28
1,4,3,28
1,4,4,28
1,4,5,28
1,4,6,28
1,4,7,28
1,5,0,131
1,5,1,131
1,5,2,131
1,5,3,131
1,5,4,131
1,5,5,131
1,5,6,131
1,5,7,131
1,6,0,130
1,6,1,130
1,6,2,130
1,6,3,130
1,6,4,130
1,6,5,130
1,6,6,130
1,6,7,130
1,7,0,130
1,7,1,130
1,7,2,130
1,7,3,130
1,7,4,130
1,7,5,130
1,7,6,130
1,7,7,130
1,8,0,138
1,8,1,138
1,8,2,138
1,8,3,138
1,8,4,138
1,8,5,138
1,8,6,138
1,8,7,138
1,9,0,138
1,9,1,138
1,9,2,138
1,9,3,138
1,9,4,138
1,9,5,138
1,9,6,138
1,9,7,138
1,10,0,26
1,10,1,26
1,10,2,26
1,10,3,26
1,10,4,26
1,10,5,26
1,10,6,26
1,10,7,26
1,11,0,28
1,11,1,28
1,11,2,28
1,11,3,28
1,11,4,28
1,11,5,28
1,11,6,28
1,11,7,28
1,12,0,22
1,12,1,22
1,12,2,22
1,12,3,22
1,12,4,22
1,12,5,22
1,12,6,22
1,12,7,22
1,13,0,214
1,13,1,214
1,13,2,214
1,13,3,214
1,13,4,214
1,13,5,214
1,13,6,214
1,13,7,214
1,14,0,17
1,14,1,17
1,14,2,17
1,14,3,17
1,14,4,17
1,14,5,17
1,14,6,17
1,14,7,17
2,0,0,141
2,0,1,141
2,0,2,141
2,0,3,141
2,0,4,141
2,0,5,141
2,0,6,141
2,0,7,141
2,1,0,135
2,1,1,135
2,1,2,135
2,1,3,135
2,1,4,135
2,1,5,135
2,1,6,135
2,1,7,135
2,2,0,141
2,2,1,141
2,2,2,141
2,2,3,141
2,2,4,141
2,2,5,141
2,2,6,141
2,2,7,141
2,3,0,141
2,3,1,141
2,3,2,141
2,3,3,141
2,3,4,141
2,3,5,141
2,3,6,141
2,3,7,141
2,4,0,135
2,4,1,135
2,4,2,135
2,4,3,135
2,4,4,135
2,4,5,135
2,4,6,135
2,4,7,135
2,5,0,135
2,5,1,135
2,5,2,135
2,5,3,135
2,5,4,135
2,5,5,135
2,5,6,135
2,5,7,135
2,6,0,141
2,6,1,141
2,6,2,141
2,6,3,141
2,6,4,141
2,6,5,141
2,6,6,141
2,6,7,141
2,7,0,141
2,7,1,141
2,7,2,141
2,7,3,141
2,7,4,141
2,7,5,141
2,7,6,141
2,7,7,141
2,8,0,186
2,8,1,186
2,8,2,186
2,8,3,186
2,8,4,186
2,8,5,186
2,8,6,186
2,8,7,186
2,9,0,193
2,9,1,193
2,9,2,193
2,9,3,193
2,9,4,193
2,9,5,193
2,9,6,193
2,9,7,193
2,10,0,189
2,10,1,189
2,10,2,189
2,10,3,189
2,10,4,189
2,10,5,189
2,10,6,189
2,10,7,189
2,11,0,188
2,11,1,188
2,11,2,188
2,11,3,188
2,11,4,188
2,11,5,188
2,11,6,188
2,11,7,188
2,12,0,136
2,12,1,136
2,12,2,136
2,12,3,136
2,12,4,136
2,12,5,136
2,12,6,136
2,12,7,136
2,13,0,136
2,13,1,136
2,13,2,136
2,13,3,136
2,13,4,136
2,13,5,136
2,13,6,136
2,13,7,136
2,14,0,200
2,14,1,200
2,14,2,200
2,14,3,200
2,14,4,200
2,14,5,200
2,14,6,200
2,14,7,200
3,0,0,223
3,0,1,223
3,0,2,222
3,0,3,172
3,0,4,172
3,0,5,172
3,0,6,34
3,0,7,133
3,1,0,222
3,1,1,172
3,1,2,170
3,1,3,170
3,1,4,133
3,1,5,133
3,1,6,170
3,1,7,133
3,2,0,222
3,2,1,222
3,2,2,221
3,2,3,170
3,2,4,170
3,2,5,133
3,2,6,133
3,2,7,133
3,3,0,223
3,3,1,139
3,3,2,221
3,3,3,172
3,3,4,170
3,3,5,133
3,3,6,133
3,3,7,133
3,4,0,139
3,4,1,222
3,4,2,221
3,4,3,170
3,4,4,170
3,4,5,168
3,4,6,133
3,4,7,127
3,5,0,223
3,5,1,223
3,5,2,222
3,5,3,172
3,5,4,170
3,5,5,170
3,5,6,133
3,5,7,127
3,6,0,223
3,6,1,139
3,6,2,222
3,6,3,172
3,6,4,170
3,6,5,133
3,6,6,133
3,6,7,127
3,7,0,223
3,7,1,223
3,7,2,222
3,7,3,221
3,7,4,170
3,7,5,133
3,7,6,127
3,7,7,165
3,8,0,223
3,8,1,223
3,8,2,139
3,8,3,172
3,8,4,170
3,8,5,133
3,8,6,127
3,8,7,165
3,9,0,223
3,9,1,223
3,9,2,139
3,9,3,221
3,9,4,170
3,9,5,133
3,9,6,127
3,9,7,165
3,10,0,223
3,10,1,223
3,10,2,222
3,10,3,170
3,10,4,170
3,10,5,127
3,10,6,165
3,10,7,165
3,11,0,223
3,11,1,222
3,11,2,221
3,11,3,170
3,11,4,168
3,11,5,165
3,11,6,165
3,11,7,165
3,12,0,222
3,12,1,221
3,12,2,170
3,12,3,168
3,12,4,165
3,12,5,165
3,12,6,165
3,12,7,163
3,13,0,139
3,13,1,170
3,13,2,168
3,13,3,165
3,13,4,165
3,13,5,165
3,13,6,163
3,13,7,162
3,14,0,170
3,14,1,170
3,14,2,132
3,14,3,165
3,14,4,165
3,14,5,164
3,14,6,162
3,14,7,162
4,0,0,10
4,0,1,10
4,0,2,10
4,0,3,10
4,0,4,10
4,0,5,10
4,0,6,10
4,0,7,10
4,1,0,173
4,1,1,173
4,1,2,173
4,1,3,173
4,1,4,173
4,1,5,173
4,1,6,173
4,1,7,173
4,2,0,29
4,2,1,29
4,2,2,29
4,2,3,29
4,2,4,29
4,2,5,29
4,2,6,29
4,2,7,29
4,3,0,131
4,3,1,131
4,3,2,131
4,3,3,131
4,3,4,131
4,3,5,131
4,3,6,131
4,3,7,131
4,4,0,129
4,4,1,129
4,4,2,129
4,4,3,129
4,4,4,129
4,4,5,129
4,4,6,129
4,4,7,129
4,5,0,130
4,5,1,130
4,5,2,130
4,5,3,130
4,5,4,130
4,5,5,130
4,5,6,130
4,5,7,130
4,6,0,130
4,6,1,130
4,6,2,130
4,6,3,130
4,6,4,130
4,6,5,130
4,6,6,130
4,6,7,130
4,7,0,138
4,7,1,138
4,7,2,138
4,7,3,138
4,7,4,138
4,7,5,138
4,7,6,138
4,7,7,138
4,8,0,138
4,8,1,138
4,8,2,138
4,8,3,138
4,8,4,138
4,8,5,138
4,8,6,138
4,8,7,138
4,9,0,134
4,9,1,134
4,9,2,134
4,9,3,134
4,9,4,134
4,9,5,134
4,9,6,134
4,9,7,134
4,10,0,126
4,10,1,126
4,10,2,126
4,10,3,126
4,10,4,126
4,10,5,126
4,10,6,126
4,10,7,126
4,11,0,126
4,11,1,126
4,11,2,126
4,11,3,126
4,11,4,126
4,11,5,126
4,11,6,126
4,11,7,126
4,12,0,131
4,12,1,131
4,12,2,131
4,12,3,131
4,12,4,131
4,12,5,131
4,12,6,131
4,12,7,131
4,13,0,131
4,13,1,131
4,13,2,131
4,13,3,131
4,13,4,131
4,13,5,131
4,13,6,131
4,13,7,131
4,14,0,33
4,14,1,33
4,14,2,33
4,14,3,33
4,14,4,33
4,14,5,33
4,14,6,33
4,14,7,33
5,0,0,33
5,0,1,31
5,0,2,29
5,0,3,29
5,0,4,29
5,0,5,28
5,0,6,211
5,0,7,211
5,1,0,33
5,1,1,31
5,1,2,29
5,1,3,29
5,1,4,29
5,1,5,28
5,1,6,27
5,1,7,27
5,2,0,31
5,2,1,29
5,2,2,29
5,2,3,29
5,2,4,28
5,2,5,211
5,2,6,27
5,2,7,26
5,3,0,29
5,3,1,28
5,3,2,27
5,3,3,27
5,3,4,27
5,3,5,26
5,3,6,26
5,3,7,24
5,4,0,28
5,4,1,211
5,4,2,26
5,4,3,26
5,4,4,26
5,4,5,24
5,4,6,24
5,4,7,23
5,5,0,28
5,5,1,211
5,5,2,27
5,5,3,27
5,5,4,26
5,5,5,26
5,5,6,24
5,5,7,24
5,6,0,28
5,6,1,27
5,6,2,26
5,6,3,26
5,6,4,26
5,6,5,24
5,6,6,24
5,6,7,23
5,7,0,28
5,7,1,211
5,7,2,27
5,7,3,27
5,7,4,26
5,7,5,24
5,7,6,24
5,7,7,24
5,8,0,31
5,8,1,29
5,8,2,28
5,8,3,28
5,8,4,211
5,8,5,27
5,8,6,27
5,8,7,26
5,9,0,32
5,9,1,31
5,9,2,29
5,9,3,29
5,9,4,29
5,9,5,28
5,9,6,28
5,9,7,27
5,10,0,33
5,10,1,32
5,10,2,31
5,10,3,31
5,10,4,31
5,10,5,29
5,10,6,29
5,10,7,28
5,11,0,33
5,11,1,33
5,11,2,31
5,11,3,31
5,11,4,31
5,11,5,29
5,11,6,29
5,11,7,28
5,12,0,34
5,12,1,33
5,12,2,33
5,12,3,33
5,12,4,31
5,12,5,31
5,12,6,29
5,12,7,29
5,13,0,33
5,13,1,33
5,13,2,33
5,13,3,33
5,13,4,31
5,13,5,31
5,13,6,29
5,13,7,29
5,14,0,34
5,14,1,34
5,14,2,32
5,14,3,32
5,14,4,32
5,14,5,31
5,14,6,31
5,14,7,29
6,0,0,33
6,0,1,33
6,0,2,31
6,0,3,29
6,0,4,29
6,0,5,29
6,0,6,29
6,0,7,29
6,1,0,33
6,1,1,31
6,1,2,29
6,1,3,29
6,1,4,29
6,1,5,29
6,1,6,29
6,1,7,29
6,2,0,29
6,2,1,29
6,2,2,29
6,2,3,27
6,2,4,27
6,2,5,27
6,2,6,27
6,2,7,27
6,3,0,31
6,3,1,30
6,3,2,29
6,3,3,29
6,3,4,29
6,3,5,29
6,3,6,29
6,3,7,29
6,4,0,23
6,4,1,23
6,4,2,23
6,4,3,23
6,4,4,23
6,4,5,23
6,4,6,23
6,4,7,23
6,5,0,20
6,5,1,213
6,5,2,213
6,5,3,213
6,5,4,213
6,5,5,213
6,5,6,213
6,5,7,213
6,6,0,214
6,6,1,18
6,6,2,214
6,6,3,214
6,6,4,214
6,6,5,214
6,6,6,214
6,6,7,214
6,7,0,17
6,7,1,17
6,7,2,83
6,7,3,83
6,7,4,83
6,7,5,83
6,7,6,83
6,7,7,83
6,8,0,17
6,8,1,17
6,8,2,17
6,8,3,83
6,8,4,83
6,8,5,83
6,8,6,83
6,8,7,83
6,9,0,83
6,9,1,83
6,9,2,83
6,9,3,83
6,9,4,83
6,9,5,83
6,9,6,83
6,9,7,83
6,10,0,83
6,10,1,83
6,10,2,16
6,10,3,16
6,10,4,16
6,10,5,16
6,10,6,16
6,10,7,16
6,11,0,16
6,11,1,16
6,11,2,16
6,11,3,16
6,11,4,16
6,11,5,16
6,11,6,16
6,11,7,16
6,12,0,83
6,12,1,83
6,12,2,83
6,12,3,16
6,12,4,16
6,12,5,16
6,12,6,16
6,12,7,16
6,13,0,83
6,13,1,83
6,13,2,83
6,13,3,16
6,13,4,16
6,13,5,16
6,13,6,16
6,13,7,16
6,14,0,83
6,14,1,83
6,14,2,83
6,14,3,16
6,14,4,16
6,14,5,16
6,14,6,16
6,14,7,16
7,0,0,135
7,0,1,135
7,0,2,135
7,0,3,135
7,0,4,135
7,0,5,135
7,0,6,135
7,0,7,135
7,1,0,135
7,1,1,201
7,1,2,135
7,1,3,135
7,1,4,135
7,1,5,135
7,1,6,135
7,1,7,135
7,2,0,141
7,2,1,135
7,2,2,135
7,2,3,135
7,2,4,135
7,2,5,135
7,2,6,135
7,2,7,135
7,3,0,141
7,3,1,141
7,3,2,135
7,3,3,135
7,3,4,135
7,3,5,135
7,3,6,135
7,3,7,135
7,4,0,141
7,4,1,141
7,4,2,141
7,4,3,135
7,4,4,135
7,4,5,135
7,4,6,135
7,4,7,135
7,5,0,141
7,5,1,141
7,5,2,135
7,5,3,135
7,5,4,135
7,5,5,135
7,5,6,135
7,5,7,135
7,6,0,141
7,6,1,188
7,6,2,136
7,6,3,201
7,6,4,201
7,6,5,201
7,6,6,201
7,6,7,201
7,7,0,188
7,7,1,188
7,7,2,136
7,7,3,136
7,7,4,136
7,7,5,136
7,7,6,136
7,7,7,136
7,8,0,189
7,8,1,188
7,8,2,136
7,8,3,136
7,8,4,136
7,8,5,136
7,8,6,136
7,8,7,136
7,9,0,159
7,9,1,186
7,9,2,136
7,9,3,136
7,9,4,136
7,9,5,136
7,9,6,136
7,9,7,136
7,10,0,136
7,10,1,136
7,10,2,200
7,10,3,200
7,10,4,200
7,10,5,200
7,10,6,200
7,10,7,200
7,11,0,186
7,11,1,136
7,11,2,200
7,11,3,200
7,11,4,200
7,11,5,200
7,11,6,200
7,11,7,200
7,12,0,186
7,12,1,136
7,12,2,200
7,12,3,200
7,12,4,200
7,12,5,200
7,12,6,200
7,12,7,200
7,13,0,186
7,13,1,136
7,13,2,136
7,13,3,200
7,13,4,200
7,13,5,200
7,13,6,200
7,13,7,200
7,14,0,136
7,14,1,200
7,14,2,200
7,14,3,129
7,14,4,129
7,14,5,129
7,14,6,129
7,14,7,129
8,0,0,104
8,0,1,104
8,0,2,104
8,0,3,104
8,0,4,104
8,0,5,104
8,0,6,104
8,0,7,104
8,1,0,104
8,1,1,104
8,1,2,104
8,1,3,104
8,1,4,104
8,1,5,104
8,1,6,104
8,1,7,104
8,2,0,29
8,2,1,29
8,2,2,29
8,2,3,29
8,2,4,29
8,2,5,29
8,2,6,29
8,2,7,29
8,3,0,31
8,3,1,31
8,3,2,31
8,3,3,31
8,3,4,31
8,3,5,31
8,3,6,31
8,3,7,31
8,4,0,201
8,4,1,201
8,4,2,201
8,4,3,201
8,4,4,201
8,4,5,201
8,4,6,201
8,4,7,201
8,5,0,135
8,5,1,135
8,5,2,135
8,5,3,135
8,5,4,135
8,5,5,135
8,5,6,135
8,5,7,135
8,6,0,136
8,6,1,136
8,6,2,136
8,6,3,136
8,6,4,136
8,6,5,136
8,6,6,136
8,6,7,136
8,7,0,184
8,7,1,184
8,7,2,184
8,7,3,184
8,7,4,184
8,7,5,184
8,7,6,184
8,7,7,184
8,8,0,136
8,8,1,136
8,8,2,136
8,8,3,136
8,8,4,136
8,8,5,136
8,8,6,136
8,8,7,136
8,9,0,135
8,9,1,135
8,9,2,135
8,9,3,135
8,9,4,135
8,9,5,135
8,9,6,135
8,9,7,135
8,10,0,135
8,10,1,135
8,10,2,135
8,10,3,135
8,10,4,135
8,10,5,135
8,10,6,135
8,10,7,135
8,11,0,36
8,11,1,36
8,11,2,36
8,11,3,36
8,11,4,36
8,11,5,36
8,11,6,36
8,11,7,36
8,12,0,28
8,12,1,28
8,12,2,28
8,12,3,28
8,12,4,28
8,12,5,28
8,12,6,28
8,12,7,28
8,13,0,23
8,13,1,23
8,13,2,23
8,13,3,23
8,13,4,23
8,13,5,23
8,13,6,23
8,13,7,23
8,14,0,20
8,14,1,20
8,14,2,20
8,14,3,20
8,14,4,20
8,14,5,20
8,14,6,20
8,14,7,20
9,0,0,120
9,0,1,120
9,0,2,120
9,0,3,120
9,0,4,120
9,0,5,120
9,0,6,120
9,0,7,120
9,1,0,125
9,1,1,125
9,1,2,125
9,1,3,125
9,1,4,125
9,1,5,125
9,1,6,125
9,1,7,125
9,2,0,125
9,2,1,125
9,2,2,125
9,2,3,125
9,2,4,125
9,2,5,125
9,2,6,125
9,2,7,125
9,3,0,129
9,3,1,129
9,3,2,129
9,3,3,129
9,3,4,129
9,3,5,129
9,3,6,129
9,3,7,129
9,4,0,120
9,4,1,120
9,4,2,120
9,4,3,120
9,4,4,120
9,4,5,120
9,4,6,120
9,4,7,120
9,5,0,125
9,5,1,125
9,5,2,125
9,5,3,125
9,5,4,125
9,5,5,125
9,5,6,125
9,5,7,125
9,6,0,33
9,6,1,33
9,6,2,33
9,6,3,33
9,6,4,33
9,6,5,33
9,6,6,33
9,6,7,33
9,7,0,29
9,7,1,29
9,7,2,29
9,7,3,29
9,7,4,29
9,7,5,29
9,7,6,29
9,7,7,29
9,8,0,31
9,8,1,31
9,8,2,31
9,8,3,31
9,8,4,31
9,8,5,31
9,8,6,31
9,8,7,31
9,9,0,33
9,9,1,33
9,9,2,33
9,9,3,33
9,9,4,33
9,9,5,33
9,9,6,33
9,9,7,33
9,10,0,29
9,10,1,29
9,10,2,29
9,10,3,29
9,10,4,29
9,10,5,29
9,10,6,29
9,10,7,29
9,11,0,93
9,11,1,93
9,11,2,93
9,11,3,93
9,11,4,93
9,11,5,93
9,11,6,93
9,11,7,93
9,12,0,96
9,12,1,96
9,12,2,96
9,12,3,96
9,12,4,96
9,12,5,96
9,12,6,96
9,12,7,96
9,13,0,93
9,13,1,93
9,13,2,93
9,13,3,93
9,13,4,93
9,13,5,93
9,13,6,93
9,13,7,93
9,14,0,93
9,14,1,93
9,14,2,93
9,14,3,93
9,14,4,93
9,14,5,93
9,14,6,93
9,14,7,93
10,0,0,33
10,0,1,33
10,0,2,33
10,0,3,33
10,0,4,33
10,0,5,33
10,0,6,33
10,0,7,33
10,1,0,33
10,1,1,33
10,1,2,33
10,1,3,33
10,1,4,33
10,1,5,33
10,1,6,33
10,1,7,33
10,2,0,31
10,2,1,31
10,2,2,31
10,2,3,31
10,2,4,31
10,2,5,31
10,2,6,31
10,2,7,31
10,3,0,29
10,3,1,29
10,3,2,29
10,3,3,29
10,3,4,29
10,3,5,29
10,3,6,29
10,3,7,29
10,4,0,28
10,4,1,28
10,4,2,28
10,4,3,28
10,4,4,28
10,4,5,28
10,4,6,28
10,4,7,28
10,5,0,28
10,5,1,28
10,5,2,28
10,5,3,28
10,5,4,28
10,5,5,28
10,5,6,28
10,5,7,28
10,6,0,28
10,6,1,28
10,6,2,28
10,6,3,28
10,6,4,28
10,6,5,28
10,6,6,28
10,6,7,28
10,7,0,28
10,7,1,28
10,7,2,28
10,7,3,28
10,7,4,28
10,7,5,28
10,7,6,28
10,7,7,28
10,8,0,31
10,8,1,31
10,8,2,31
10,8,3,31
10,8,4,31
10,8,5,31
10,8,6,31
10,8,7,31
10,9,0,32
10,9,1,32
10,9,2,32
10,9,3,32
10,9,4,32
10,9,5,32
10,9,6,32
10,9,7,32
10,10,0,33
10,10,1,33
10,10,2,33
10,10,3,33
10,10,4,33
10,10,5,33
10,10,6,33
10,10,7,33
10,11,0,33
10,11,1,33
10,11,2,33
10,11,3,33
10,11,4,33
10,11,5,33
10,11,6,33
10,11,7,33
10,12,0,34
10,12,1,34
10,12,2,34
10,12,3,34
10,12,4,34
10,12,5,34
10,12,6,34
10,12,7,34
10,13,0,33
10,13,1,33
10,13,2,33
10,13,3,33
10,13,4,33
10,13,5,33
10,13,6,33
10,13,7,33
10,14,0,34
10,14,1,34
10,14,2,34
10,14,3,34
10,14,4,34
10,14,5,34
10,14,6,34
10,14,7,34
11,0,0,39
11,0,1,39
11,0,2,39
11,0,3,39
11,0,4,39
11,0,5,39
11,0,6,39
11,0,7,39
11,1,0,39
11,1,1,39
11,1,2,39
11,1,3,39
11,1,4,39
11,1,5,39
11,1,6,39
11,1,7,39
11,2,0,35
11,2,1,35
11,2,2,35
11,2,3,35
11,2,4,35
11,2,5,35
11,2,6,35
11,2,7,35
11,3,0,36
11,3,1,36
11,3,2,36
11,3,3,36
11,3,4,36
11,3,5,36
11,3,6,36
11,3,7,36
11,4,0,26
11,4,1,26
11,4,2,26
11,4,3,26
11,4,4,26
11,4,5,26
11,4,6,26
11,4,7,26
11,5,0,212
11,5,1,212
11,5,2,212
11,5,3,212
11,5,4,212
11,5,5,212
11,5,6,212
11,5,7,212
11,6,0,213
11,6,1,213
11,6,2,213
11,6,3,213
11,6,4,213
11,6,5,213
11,6,6,213
11,6,7,213
11,7,0,214
11,7,1,214
11,7,2,214
11,7,3,214
11,7,4,214
11,7,5,214
11,7,6,214
11,7,7,214
11,8,0,213
11,8,1,213
11,8,2,213
11,8,3,213
11,8,4,213
11,8,5,213
11,8,6,213
11,8,7,213
11,9,0,214
11,9,1,214
11,9,2,214
11,9,3,214
11,9,4,214
11,9,5,214
11,9,6,214
11,9,7,214
11,10,0,214
11,10,1,214
11,10,2,214
11,10,3,214
11,10,4,214
11,10,5,214
11,10,6,214
11,10,7,214
11,11,0,214
11,11,1,214
11,11,2,214
11,11,3,214
11,11,4,214
11,11,5,214
11,11,6,214
11,11,7,214
11,12,0,214
11,12,1,214
11,12,2,214
11,12,3,214
11,12,4,214
11,12,5,214
11,12,6,214
11,12,7,214
11,13,0,214
11,13,1,214
11,13,2,214
11,13,3,214
11,13,4,214
11,13,5,214
11,13,6,214
11,13,7,214
11,14,0,214
11,14,1,214
11,14,2,214
11,14,3,214
11,14,4,214
11,14,5,214
11,14,6,214
11,14,7,214
12,0,0,104
12,0,1,104
12,0,2,104
12,0,3,104
12,0,4,104
12,0,5,104
12,0,6,104
12,0,7,104
12,1,0,104
12,1,1,104
12,1,2,104
12,1,3,104
12,1,4,104
12,1,5,104
12,1,6,104
12,1,7,104
12,2,0,29
12,2,1,29
12,2,2,29
12,2,3,29
12,2,4,29
12,2,5,29
12,2,6,29
12,2,7,29
12,3,0,31
12,3,1,31
12,3,2,31
12,3,3,31
12,3,4,31
12,3,5,31
12,3,6,31
12,3,7,31
12,4,0,201
12,4,1,201
12,4,2,201
12,4,3,201
12,4,4,201
12,4,5,201
12,4,6,201
12,4,7,201
12,5,0,201
12,5,1,201
12,5,2,201
12,5,3,201
12,5,4,201
12,5,5,201
12,5,6,201
12,5,7,201
12,6,0,136
12,6,1,136
12,6,2,136
12,6,3,136
12,6,4,136
12,6,5,136
12,6,6,136
12,6,7,136
12,7,0,184
12,7,1,184
12,7,2,184
12,7,3,184
12,7,4,184
12,7,5,184
12,7,6,184
12,7,7,184
12,8,0,136
12,8,1,136
12,8,2,136
12,8,3,136
12,8,4,136
12,8,5,136
12,8,6,136
12,8,7,136
12,9,0,135
12,9,1,135
12,9,2,135
12,9,3,135
12,9,4,135
12,9,5,135
12,9,6,135
12,9,7,135
12,10,0,135
12,10,1,135
12,10,2,135
12,10,3,135
12,10,4,135
12,10,5,135
12,10,6,135
12,10,7,135
12,11,0,36
12,11,1,36
12,11,2,36
12,11,3,36
12,11,4,36
12,11,5,36
12,11,6,36
12,11,7,36
12,12,0,29
12,12,1,29
12,12,2,29
12,12,3,29
12,12,4,29
12,12,5,29
12,12,6,29
12,12,7,29
12,13,0,23
12,13,1,23
12,13,2,23
12,13,3,23
12,13,4,23
12,13,5,23
12,13,6,23
12,13,7,23
12,14,0,213
12,14,1,213
12,14,2,213
12,14,3,213
12,14,4,213
12,14,5,213
12,14,6,213
12,14,7,213
13,0,0,173
13,0,1,173
13,0,2,173
13,0,3,173
13,0,4,173
13,0,5,173
13,0,6,173
13,0,7,173
13,1,0,170
13,1,1,170
13,1,2,170
13,1,3,170
13,1,4,170
13,1,5,170
13,1,6,170
13,1,7,170
13,2,0,29
13,2,1,29
13,2,2,29
13,2,3,29
13,2,4,29
13,2,5,29
13,2,6,29
13,2,7,29
13,3,0,131
13,3,1,131
13,3,2,131
13,3,3,131
13,3,4,131
13,3,5,131
13,3,6,131
13,3,7,131
13,4,0,129
13,4,1,129
13,4,2,129
13,4,3,129
13,4,4,129
13,4,5,129
13,4,6,129
13,4,7,129
13,5,0,130
13,5,1,130
13,5,2,130
13,5,3,130
13,5,4,130
13,5,5,130
13,5,6,130
13,5,7,130
13,6,0,130
13,6,1,130
13,6,2,130
13,6,3,130
13,6,4,130
13,6,5,130
13,6,6,130
13,6,7,130
13,7,0,138
13,7,1,138
13,7,2,138
13,7,3,138
13,7,4,138
13,7,5,138
13,7,6,138
13,7,7,138
13,8,0,138
13,8,1,138
13,8,2,138
13,8,3,138
13,8,4,138
13,8,5,138
13,8,6,138
13,8,7,138
13,9,0,134
13,9,1,134
13,9,2,134
13,9,3,134
13,9,4,134
13,9,5,134
13,9,6,134
13,9,7,134
13,10,0,126
13,10,1,126
13,10,2,126
13,10,3,126
13,10,4,126
13,10,5,126
13,10,6,126
13,10,7,126
13,11,0,126
13,11,1,126
13,11,2,126
13,11,3,126
13,11,4,126
13,11,5,126
13,11,6,126
13,11,7,126
13,12,0,131
13,12,1,131
13,12,2,131
13,12,3,131
13,12,4,131
13,12,5,131
13,12,6,131
13,12,7,131
13,13,0,131
13,13,1,131
13,13,2,131
13,13,3,131
13,13,4,131
13,13,5,131
13,13,6,131
13,13,7,131
13,14,0,33
13,14,1,33
13,14,2,33
13,14,3,33
13,14,4,33
13,14,5,33
13,14,6,33
13,14,7,33
14,0,0,33
14,0,1,31
14,0,2,29
14,0,3,29
14,0,4,211
14,0,5,26
14,0,6,26
14,0,7,24
14,1,0,33
14,1,1,31
14,1,2,31
14,1,3,29
14,1,4,27
14,1,5,27
14,1,6,26
14,1,7,24
14,2,0,33
14,2,1,33
14,2,2,31
14,2,3,29
14,2,4,28
14,2,5,27
14,2,6,26
14,2,7,24
14,3,0,33
14,3,1,31
14,3,2,31
14,3,3,29
14,3,4,28
14,3,5,27
14,3,6,26
14,3,7,24
14,4,0,32
14,4,1,31
14,4,2,29
14,4,3,29
14,4,4,27
14,4,5,26
14,4,6,24
14,4,7,23
14,5,0,31
14,5,1,31
14,5,2,29
14,5,3,28
14,5,4,27
14,5,5,26
14,5,6,24
14,5,7,23
14,6,0,31
14,6,1,29
14,6,2,28
14,6,3,211
14,6,4,26
14,6,5,24
14,6,6,24
14,6,7,23
14,7,0,29
14,7,1,29
14,7,2,28
14,7,3,27
14,7,4,26
14,7,5,24
14,7,6,23
14,7,7,23
14,8,0,32
14,8,1,31
14,8,2,29
14,8,3,28
14,8,4,27
14,8,5,26
14,8,6,24
14,8,7,24
14,9,0,33
14,9,1,31
14,9,2,29
14,9,3,29
14,9,4,27
14,9,5,26
14,9,6,24
14,9,7,23
14,10,0,32
14,10,1,31
14,10,2,29
14,10,3,29
14,10,4,27
14,10,5,27
14,10,6,26
14,10,7,24
14,11,0,33
14,11,1,31
14,11,2,31
14,11,3,29
14,11,4,27
14,11,5,26
14,11,6,26
14,11,7,24
14,12,0,32
14,12,1,31
14,12,2,29
14,12,3,29
14,12,4,27
14,12,5,27
14,12,6,26
14,12,7,24
14,13,0,33
14,13,1,31
14,13,2,31
14,13,3,29
14,13,4,27
14,13,5,27
14,13,6,26
14,13,7,24
14,14,0,33
14,14,1,31
14,14,2,30
14,14,3,29
14,14,4,211
14,14,5,26
14,14,6,24
14,14,7,24
15,0,0,33
15,0,1,33
15,0,2,31
15,0,3,29
15,0,4,29
15,0,5,29
15,0,6,29
15,0,7,29
15,1,0,33
15,1,1,31
15,1,2,29
15,1,3,29
15,1,4,29
15,1,5,29
15,1,6,29
15,1,7,29
15,2,0,29
15,2,1,29
15,2,2,29
15,2,3,27
15,2,4,27
15,2,5,27
15,2,6,27
15,2,7,27
15,3,0,31
15,3,1,30
15,3,2,29
15,3,3,29
15,3,4,29
15,3,5,29
15,3,6,29
15,3,7,29
15,4,0,23
15,4,1,23
15,4,2,23
15,4,3,23
15,4,4,23
15,4,5,23
15,4,6,23
15,4,7,23
15,5,0,20
15,5,1,213
15,5,2,213
15,5,3,213
15,5,4,213
15,5,5,213
15,5,6,213
15,5,7,213
15,6,0,214
15,6,1,18
15,6,2,214
15,6,3,214
15,6,4,214
15,6,5,214
15,6,6,214
15,6,7,214
15,7,0,17
15,7,1,17
15,7,2,83
15,7,3,83
15,7,4,83
15,7,5,83
15,7,6,83
15,7,7,83
15,8,0,17
15,8,1,17
15,8,2,17
15,8,3,83
15,8,4,83
15,8,5,83
15,8,6,83
15,8,7,83
15,9,0,83
15,9,1,83
15,9,2,83
15,9,3,83
15,9,4,83
15,9,5,83
15,9,6,83
15,9,7,83
15,10,0,83
15,10,1,83
15,10,2,16
15,10,3,16
15,10,4,16
15,10,5,16
15,10,6,16
15,10,7,16
15,11,0,16
15,11,1,16
15,11,2,16
15,11,3,16
15,11,4,16
15,11,5,16
15,11,6,16
15,11,7,16
15,12,0,83
15,12,1,83
15,12,2,83
15,12,3,16
15,12,4,16
15,12,5,16
15,12,6,16
15,12,7,16
15,13,0,83
15,13,1,83
15,13,2,83
15,13,3,16
15,13,4,16
15,13,5,16
15,13,6,16
15,13,7,16
15,14,0,83
15,14,1,83
15,14,2,83
15,14,3,16
15,14,4,16
15,14,5,16
15,14,6,16
15,14,7,16
16,0,0,135
16,0,1,135
16,0,2,135
16,0,3,135
16,0,4,135
16,0,5,135
16,0,6,135
16,0,7,135
16,1,0,135
16,1,1,201
16,1,2,135
16,1,3,135
16,1,4,135
16,1,5,135
16,1,6,135
16,1,7,135
16,2,0,141
16,2,1,135
16,2,2,135
16,2,3,135
16,2,4,135
16,2,5,135
16,2,6,135
16,2,7,135
16,3,0,141
16,3,1,141
16,3,2,135
16,3,3,135
16,3,4,135
16,3,5,135
16,3,6,135
16,3,7,135
16,4,0,141
16,4,1,141
16,4,2,141
16,4,3,135
16,4,4,135
16,4,5,135
16,4,6,135
16,4,7,135
16,5,0,141
16,5,1,141
16,5,2,135
16,5,3,135
16,5,4,135
16,5,5,135
16,5,6,135
16,5,7,135
16,6,0,141
16,6,1,188
16,6,2,136
16,6,3,201
16,6,4,201
16,6,5,201
16,6,6,201
16,6,7,201
16,7,0,188
16,7,1,188
16,7,2,136
16,7,3,136
16,7,4,136
16,7,5,136
16,7,6,136
16,7,7,136
16,8,0,189
16,8,1,188
16,8,2,136
16,8,3,136
16,8,4,136
16,8,5,136
16,8,6,136
16,8,7,136
16,9,0,159
16,9,1,186
16,9,2,136
16,9,3,136
16,9,4,136
16,9,5,136
16,9,6,136
16,9,7,136
16,10,0,136
16,10,1,136
16,10,2,200
16,10,3,200
16,10,4,200
16,10,5,200
16,10,6,200
16,10,7,200
16,11,0,186
16,11,1,136
16,11,2,200
16,11,3,200
16,11,4,200
16,11,5,200
16,11,6,200
16,11,7,200
16,12,0,186
16,12,1,136
16,12,2,200
16,12,3,200
16,12,4,200
16,12,5,200
16,12,6,200
16,12,7,200
16,13,0,186
16,13,1,136
16,13,2,136
16,13,3,200
16,13,4,200
16,13,5,200
16,13,6,200
16,13,7,200
16,14,0,136
16,14,1,200
16,14,2,200
16,14,3,129
16,14,4,129
16,14,5,129
16,14,6,129
16,14,7,129
17,0,0,166
17,0,1,166
17,0,2,166
17,0,3,166
17,0,4,166
17,0,5,166
17,0,6,166
17,0,7,166
17,1,0,167
17,1,1,167
17,1,2,167
17,1,3,167
17,1,4,167
17,1,5,167
17,1,6,167
17,1,7,167
17,2,0,85
17,2,1,85
17,2,2,85
17,2,3,85
17,2,4,85
17,2,5,85
17,2,6,85
17,2,7,85
17,3,0,85
17,3,1,85
17,3,2,85
17,3,3,85
17,3,4,85
17,3,5,85
17,3,6,85
17,3,7,85
17,4,0,85
17,4,1,85
17,4,2,85
17,4,3,85
17,4,4,85
17,4,5,85
17,4,6,85
17,4,7,85
17,5,0,85
17,5,1,85
17,5,2,85
17,5,3,85
17,5,4,85
17,5,5,85
17,5,6,85
17,5,7,85
17,6,0,85
17,6,1,85
17,6,2,85
17,6,3,85
17,6,4,85
17,6,5,85
17,6,6,85
17,6,7,85
17,7,0,85
17,7,1,85
17,7,2,85
17,7,3,85
17,7,4,85
17,7,5,85
17,7,6,85
17,7,7,85
17,8,0,129
17,8,1,129
17,8,2,129
17,8,3,129
17,8,4,129
17,8,5,129
17,8,6,129
17,8,7,129
17,9,0,131
17,9,1,131
17,9,2,131
17,9,3,131
17,9,4,131
17,9,5,131
17,9,6,131
17,9,7,131
17,10,0,130
17,10,1,130
17,10,2,130
17,10,3,130
17,10,4,130
17,10,5,130
17,10,6,130
17,10,7,130
17,11,0,130
17,11,1,130
17,11,2,130
17,11,3,130
17,11,4,130
17,11,5,130
17,11,6,130
17,11,7,130
17,12,0,138
17,12,1,138
17,12,2,138
17,12,3,138
17,12,4,138
17,12,5,138
17,12,6,138
17,12,7,138
17,13,0,134
17,13,1,134
17,13,2,134
17,13,3,134
17,13,4,134
17,13,5,134
17,13,6,134
17,13,7,134
17,14,0,29
17,14,1,29
17,14,2,29
17,14,3,29
17,14,4,29
17,14,5,29
17,14,6,29
17,14,7,29
18,0,0,96
18,0,1,96
18,0,2,96
18,0,3,96
18,0,4,96
18,0,5,96
18,0,6,96
18,0,7,96
18,1,0,96
18,1,1,96
18,1,2,96
18,1,3,96
18,1,4,96
18,1,5,96
18,1,6,96
18,1,7,96
18,2,0,87
18,2,1,87
18,2,2,87
18,2,3,87
18,2,4,87
18,2,5,87
18,2,6,87
18,2,7,87
18,3,0,93
18,3,1,93
18,3,2,93
18,3,3,93
18,3,4,93
18,3,5,93
18,3,6,93
18,3,7,93
18,4,0,99
18,4,1,99
18,4,2,99
18,4,3,99
18,4,4,99
18,4,5,99
18,4,6,99
18,4,7,99
18,5,0,96
18,5,1,96
18,5,2,96
18,5,3,96
18,5,4,96
18,5,5,96
18,5,6,96
18,5,7,96
18,6,0,85
18,6,1,85
18,6,2,85
18,6,3,85
18,6,4,85
18,6,5,85
18,6,6,85
18,6,7,85
18,7,0,85
18,7,1,85
18,7,2,85
18,7,3,85
18,7,4,85
18,7,5,85
18,7,6,85
18,7,7,85
18,8,0,85
18,8,1,85
18,8,2,85
18,8,3,85
18,8,4,85
18,8,5,85
18,8,6,85
18,8,7,85
18,9,0,85
18,9,1,85
18,9,2,85
18,9,3,85
18,9,4,85
18,9,5,85
18,9,6,85
18,9,7,85
18,10,0,85
18,10,1,85
18,10,2,85
18,10,3,85
18,10,4,85
18,10,5,85
18,10,6,85
18,10,7,85
18,11,0,85
18,11,1,85
18,11,2,85
18,11,3,85
18,11,4,85
18,11,5,85
18,11,6,85
18,11,7,85
18,12,0,85
18,12,1,85
18,12,2,85
18,12,3,85
18,12,4,85
18,12,5,85
18,12,6,85
18,12,7,85
18,13,0,85
18,13,1,85
18,13,2,85
18,13,3,85
18,13,4,85
18,13,5,85
18,13,6,85
18,13,7,85
18,14,0,89
18,14,1,89
18,14,2,89
18,14,3,89
18,14,4,89
18,14,5,89
18,14,6,89
18,14,7,89
19,0,0,29
19,0,1,29
19,0,2,29
19,0,3,29
19,0,4,29
19,0,5,29
19,0,6,29
19,0,7,29
19,1,0,130
19,1,1,130
19,1,2,130
19,1,3,130
19,1,4,130
19,1,5,130
19,1,6,130
19,1,7,130
19,2,0,131
19,2,1,131
19,2,2,131
19,2,3,131
19,2,4,131
19,2,5,131
19,2,6,131
19,2,7,131
19,3,0,138
19,3,1,138
19,3,2,138
19,3,3,138
19,3,4,138
19,3,5,138
19,3,6,138
19,3,7,138
19,4,0,134
19,4,1,134
19,4,2,134
19,4,3,134
19,4,4,134
19,4,5,134
19,4,6,134
19,4,7,134
19,5,0,130
19,5,1,130
19,5,2,130
19,5,3,130
19,5,4,130
19,5,5,130
19,5,6,130
19,5,7,130
19,6,0,130
19,6,1,130
19,6,2,130
19,6,3,130
19,6,4,130
19,6,5,130
19,6,6,130
19,6,7,130
19,7,0,131
19,7,1,131
19,7,2,131
19,7,3,131
19,7,4,131
19,7,5,131
19,7,6,131
19,7,7,131
19,8,0,131
19,8,1,131
19,8,2,131
19,8,3,131
19,8,4,131
19,8,5,131
19,8,6,131
19,8,7,131
19,9,0,126
19,9,1,126
19,9,2,126
19,9,3,126
19,9,4,126
19,9,5,126
19,9,6,126
19,9,7,126
19,10,0,126
19,10,1,126
19,10,2,126
19,10,3,126
19,10,4,126
19,10,5,126
19,10,6,126
19,10,7,126
19,11,0,131
19,11,1,131
19,11,2,131
19,11,3,131
19,11,4,131
19,11,5,131
19,11,6,131
19,11,7,131
19,12,0,131
19,12,1,131
19,12,2,131
19,12,3,131
19,12,4,131
19,12,5,131
19,12,6,131
19,12,7,131
19,13,0,32
19,13,1,32
19,13,2,32
19,13,3,32
19,13,4,32
19,13,5,32
19,13,6,32
19,13,7,32
19,14,0,33
19,14,1,33
19,14,2,33
19,14,3,33
19,14,4,33
19,14,5,33
19,14,6,33
19,14,7,33
20,0,0,141
20,0,1,141
20,0,2,141
20,0,3,141
20,0,4,141
20,0,5,141
20,0,6,141
20,0,7,141
20,1,0,135
20,1,1,135
20,1,2,135
20,1,3,135
20,1,4,135
20,1,5,135
20,1,6,135
20,1,7,135
20,2,0,141
20,2,1,141
20,2,2,141
20,2,3,141
20,2,4,141
20,2,5,141
20,2,6,141
20,2,7,141
20,3,0,141
20,3,1,141
20,3,2,141
20,3,3,141
20,3,4,141
20,3,5,141
20,3,6,141
20,3,7,141
20,4,0,135
20,4,1,135
20,4,2,135
20,4,3,135
20,4,4,135
20,4,5,135
20,4,6,135
20,4,7,135
20,5,0,135
20,5,1,135
20,5,2,135
20,5,3,135
20,5,4,135
20,5,5,135
20,5,6,135
20,5,7,135
20,6,0,141
20,6,1,141
20,6,2,141
20,6,3,141
20,6,4,141
20,6,5,141
20,6,6,141
20,6,7,141
20,7,0,141
20,7,1,141
20,7,2,141
20,7,3,141
20,7,4,141
20,7,5,141
20,7,6,141
20,7,7,141
20,8,0,186
20,8,1,186
20,8,2,186
20,8,3,186
20,8,4,186
20,8,5,186
20,8,6,186
20,8,7,186
20,9,0,193
20,9,1,193
20,9,2,193
20,9,3,193
20,9,4,193
20,9,5,193
20,9,6,193
20,9,7,193
20,10,0,189
20,10,1,189
20,10,2,189
20,10,3,189
20,10,4,189
20,10,5,189
20,10,6,189
20,10,7,189
20,11,0,188
20,11,1,188
20,11,2,188
20,11,3,188
20,11,4,188
20,11,5,188
20,11,6,188
20,11,7,188
20,12,0,136
20,12,1,136
20,12,2,136
20,12,3,136
20,12,4,136
20,12,5,136
20,12,6,136
20,12,7,136
20,13,0,136
20,13,1,136
20,13,2,136
20,13,3,136
20,13,4,136
20,13,5,136
20,13,6,136
20,13,7,136
20,14,0,200
20,14,1,200
20,14,2,200
20,14,3,200
20,14,4,200
20,14,5,200
20,14,6,200
20,14,7,200
21,0,0,10
21,0,1,10
21,0,2,10
21,0,3,10
21,0,4,10
21,0,5,10
21,0,6,10
21,0,7,10
21,1,0,10
21,1,1,10
21,1,2,10
21,1,3,10
21,1,4,10
21,1,5,10
21,1,6,10
21,1,7,10
21,2,0,201
21,2,1,201
21,2,2,201
21,2,3,201
21,2,4,201
21,2,5,201
21,2,6,201
21,2,7,201
21,3,0,200
21,3,1,200
21,3,2,200
21,3,3,200
21,3,4,200
21,3,5,200
21,3,6,200
21,3,7,200
21,4,0,200
21,4,1,200
21,4,2,200
21,4,3,200
21,4,4,200
21,4,5,200
21,4,6,200
21,4,7,200
21,5,0,136
21,5,1,136
21,5,2,136
21,5,3,136
21,5,4,136
21,5,5,136
21,5,6,136
21,5,7,136
21,6,0,136
21,6,1,136
21,6,2,136
21,6,3,136
21,6,4,136
21,6,5,136
21,6,6,136
21,6,7,136
21,7,0,136
21,7,1,136
21,7,2,136
21,7,3,136
21,7,4,136
21,7,5,136
21,7,6,136
21,7,7,136
21,8,0,201
21,8,1,201
21,8,2,201
21,8,3,201
21,8,4,201
21,8,5,201
21,8,6,201
21,8,7,201
21,9,0,135
21,9,1,135
21,9,2,135
21,9,3,135
21,9,4,135
21,9,5,135
21,9,6,135
21,9,7,135
21,10,0,135
21,10,1,135
21,10,2,135
21,10,3,135
21,10,4,135
21,10,5,135
21,10,6,135
21,10,7,135
21,11,0,135
21,11,1,135
21,11,2,135
21,11,3,135
21,11,4,135
21,11,5,135
21,11,6,135
21,11,7,135
21,12,0,135
21,12,1,135
21,12,2,135
21,12,3,135
21,12,4,135
21,12,5,135
21,12,6,135
21,12,7,135
21,13,0,135
21,13,1,135
21,13,2,135
21,13,3,135
21,13,4,135
21,13,5,135
21,13,6,135
21,13,7,135
21,14,0,135
21,14,1,135
21,14,2,135
21,14,3,135
21,14,4,135
21,14,5,135
21,14,6,135
21,14,7,135
22,0,0,135
22,0,1,135
22,0,2,137
22,0,3,137
22,0,4,137
22,0,5,137
22,0,6,31
22,0,7,129
22,1,0,31
22,1,1,31
22,1,2,129
22,1,3,129
22,1,4,129
22,1,5,137
22,1,6,31
22,1,7,28
22,2,0,137
22,2,1,137
22,2,2,137
22,2,3,129
22,2,4,129
22,2,5,31
22,2,6,28
22,2,7,28
22,3,0,137
22,3,1,137
22,3,2,137
22,3,3,129
22,3,4,129
22,3,5,129
22,3,6,28
22,3,7,129
22,4,0,137
22,4,1,129
22,4,2,128
22,4,3,128
22,4,4,128
22,4,5,129
22,4,6,129
22,4,7,28
22,5,0,137
22,5,1,137
22,5,2,137
22,5,3,137
22,5,4,129
22,5,5,129
22,5,6,129
22,5,7,123
22,6,0,137
22,6,1,137
22,6,2,137
22,6,3,129
22,6,4,128
22,6,5,129
22,6,6,129
22,6,7,123
22,7,0,137
22,7,1,129
22,7,2,129
22,7,3,128
22,7,4,128
22,7,5,128
22,7,6,123
22,7,7,121
22,8,0,137
22,8,1,131
22,8,2,129
22,8,3,128
22,8,4,128
22,8,5,128
22,8,6,123
22,8,7,121
22,9,0,137
22,9,1,129
22,9,2,129
22,9,3,128
22,9,4,128
22,9,5,128
22,9,6,123
22,9,7,121
22,10,0,131
22,10,1,131
22,10,2,129
22,10,3,128
22,10,4,128
22,10,5,128
22,10,6,123
22,10,7,116
22,11,0,129
22,11,1,128
22,11,2,128
22,11,3,128
22,11,4,121
22,11,5,121
22,11,6,116
22,11,7,115
22,12,0,128
22,12,1,128
22,12,2,128
22,12,3,121
22,12,4,121
22,12,5,116
22,12,6,116
22,12,7,115
22,13,0,121
22,13,1,121
22,13,2,121
22,13,3,121
22,13,4,115
22,13,5,115
22,13,6,111
22,13,7,111
22,14,0,121
22,14,1,121
22,14,2,121
22,14,3,121
22,14,4,115
22,14,5,111
22,14,6,111
22,14,7,111
